author,date,genre,gutenberg_id,source,title,viaf_author_uri
"Defoe, Daniel, 1661?-1731",1706,fic,36587,gutenberg,A True Relation OF THE APPARITION OF ONE Mrs. VEAL The next Day after Her DEATH: TO ONE Mrs. BARGRAVE At Canterbury. The 8th of September 1705.,http://viaf.org/viaf/39375774
"Congreve, William, 1670-1729",1713,fic,2363,gutenberg,INCOGNITA: OR LOVE AND DUTY RECONCIL'D. A NOVEL.,http://viaf.org/viaf/24616924
"Defoe, Daniel, 1661?-1731",1719,fic,11866,gutenberg,THE LIFE AND STRANGE SURPRIZING ADVENTURES OF ROBINSON CRUSOE Of YORK MARINER: Who lived Eight and Twenty Years all alone in an un-inhabited Island on the Coast of AMERICA near the Mouth of the Great River of OROONOQUE; Having been cast on Shore by Shipwreck wherein all the Men perished but himself.,http://viaf.org/viaf/39375774
"Defoe, Daniel, 1661?-1731",1719,fic,561,gutenberg,THE FARTHER ADVENTURES OF ROBINSON CRUSOE; Being the Second and Last Part OF HIS LIFE And of the STRANGE SURPRIZING ACCOUNTS of his TRAVELS Round three Parts of the Globe.,http://viaf.org/viaf/39375774
"Defoe, Daniel, 1661?-1731",1721,fic,370,gutenberg,THE FORTUNES AND MISFORTUNES Of the FAMOUS Moll Flanders &c.,http://viaf.org/viaf/39375774
"Carey, Henry, 1687?-1743",1726,fic,28105,gutenberg,A Learned Dissertation ON DUMPLING; Its Dignity Antiquity and Excellence. With a Word upon PUDDING. AND Many other Useful Discoveries of great Benefit to the Publick.,http://viaf.org/viaf/14965532
"Swift, Jonathan, 1667-1745",1726,fic,829,gutenberg,Gulliver's Travels into Several Remote Nations of the World,http://viaf.org/viaf/14777110
"Richardson, Samuel, 1689-1761",1741,fic,6124,gutenberg,PAMELA: OR VIRTUE Rewarded. In a SERIES of FAMILIAR LETTERS FROM A Beautiful Young DAMSEL To her PARENTS. Now first Published In order to cultivate the Principles of VIRTUE and RELIGION in the Minds of the YOUTH of BOTH SEXES.,http://viaf.org/viaf/41845728
"Haywood, Eliza, 1693-1756",1744,fic,10804,gutenberg,The Fortunate Foundlings,http://viaf.org/viaf/64027723
"Richardson, Samuel, 1689-1761",1748,fic,9296;9798; 9881;10462;10462;10799;11889;12180;12398,gutenberg,CLARISSA. OR THE HISTORY OF A YOUNG LADY: Comprehending The most Important Concerns of Private LIFE And particularly shewing The DISTRESSES that may attend the Misconduct Both of PARENTS and CHILDREN In Relation to MARRIAGE. Published by the EDITOR of PAMELA. VOL. IV.,http://viaf.org/viaf/41845728
"Smollett, Tobias George, 1721-1771",1748,fic,4085,gutenberg,THE ADVENTURES OF Roderick Random.,http://viaf.org/viaf/68935985
"Fielding, Henry, 1707-1754",1749,fic,6593,gutenberg,THE HISTORY OF TOM JONES A FOUNDLING.,http://viaf.org/viaf/61545697
"Lennox, Charlotte, ca. 1729-1804",1752,fic,50054,gutenberg,THE Female QUIXOTE; OR THE ADVENTURES OF ARABELLA. In TWO VOLUMES. VOL. II.,http://viaf.org/viaf/100288562
"Sterne, Laurence, 1713-1768",1759,fic,20257,gutenberg,A Political Romance Addressed To  Esq OF YORK. To which is subjoined a KEY.,http://viaf.org/viaf/61552699
"Sterne, Laurence, 1713-1768",1760,fic,1079,gutenberg,THE LIFE AND OPINIONS OF TRISTRAM SHANDY GENTLEMAN.,http://viaf.org/viaf/61552699
"Hawkesworth, John, 1715?-1773",1761,fic,14013,gutenberg,EDGAR and EMMELINE: A FAIRY TALE.,http://viaf.org/viaf/85970662
"Walpole, Horace, 1717-1797",1764,fic,696,gutenberg,THE CASTLE of OTRANTO A STORY. Translated by WILLIAM MARSHAL Gent. From the Original ITALIAN of ONUPHRIO MURALTO CANON of the Church of St. NICHOLAS at OTRANTO.,http://viaf.org/viaf/17231985
"Goldsmith, Oliver, 1728-1774",1766,fic,2667,gutenberg,THE VICAR OF WAKEFIELD: A TALE. Supposed to be written by HIMSELF.,http://viaf.org/viaf/100167171
"Sterne, Laurence, 1713-1768",1768,fic,804,gutenberg,A SENTIMENTAL JOURNEY THROUGH FRANCE AND ITALY.,http://viaf.org/viaf/61552699
"Burney, Fanny, 1752-1840",1779,fic,6053,gutenberg,EVELINA; OR A YOUNG LADY's ENTRANCE INTO THE WORLD.,http://viaf.org/viaf/95297439
"Wollstonecraft, Mary",1788,fic,16357,gutenberg,Mary,http://viaf.org/viaf/51697482
"Hayley, William, 1745-1820",1789,fic,7371,gutenberg,THE YOUNG WIDOW; OR THE HISTORY OF CORNELIA SEDLEY IN A SERIES OF LETTERS.,http://viaf.org/viaf/45100846
"Trusler, John, 1735-1820",1790,fic,22500,gutenberg,Proverbs Exemplified AND ILLUSTRATED BY PICTURES FROM REAL LIFE.,http://viaf.org/viaf/66507465
"Inchbald, Mrs., 1753-1821",1791,fic,22002,gutenberg,A SIMPLE STORY. IN FOUR VOLUMES.,http://viaf.org/viaf/59084053
"Holcroft, Thomas, 1745-1809",1792,fic,9468,gutenberg,ANNA ST. IVES: A NOVEL.,http://viaf.org/viaf/56644486
"Holcroft, Thomas, 1745-1809",1794,fic,9811,gutenberg,THE ADVENTURES OF HUGH TREVOR. BY THOMAS HOLCROFT.,http://viaf.org/viaf/56644486
"Radcliffe, Ann Ward, 1764-1823",1794,fic,3268,gutenberg,THE MYSTERIES of UDOLPHO A ROMANCE; INTERSPERSED WITH SOME PIECES OF POETRY.,http://viaf.org/viaf/64010774
"Cumberland, Richard, 1732-1811",1795,fic,43529,gutenberg,HENRY; IN FOUR VOLUMES.,http://viaf.org/viaf/76451457
"Hays, Mary",1796,fic,41256,gutenberg,Memoirs of Emma Courtney,http://viaf.org/viaf/29629662
"Lewis, M. G. (Matthew Gregory), 1775-1818",1796,fic,601,gutenberg,THE MONK: A ROMANCE.,http://viaf.org/viaf/100160188
"Burney, Fanny",1796,fic,40619,gutenberg,Camilla,http://viaf.org/viaf/95297439
"Brown, Charles Brockden, 1771-1810",1798,fic,792,gutenberg,WIELAND; OR THE TRANSFORMATION.,http://viaf.org/viaf/49222478
"Godwin, William",1799,fic,53707,gutenberg,St. Leon,http://viaf.org/viaf/68929729
"Hays, Mary",1799,fic,1424,gutenberg,Victim of prejudice,http://viaf.org/viaf/29629662
"Brown, Charles Brockden, 1771-1810",1799,fic,18508,gutenberg,ARTHUR MERVYN; OR MEMOIRS OF THE YEAR 1793.,http://viaf.org/viaf/49222478
"Brown, Charles Brockden, 1771-1810",1800,fic,36289,gutenberg,ORMOND; OR THE SECRET WITNESS.,http://viaf.org/viaf/49222478
"Opie, Amelia Alderson",1805,fic,37908,gutenberg,Adeline Mowbray,http://viaf.org/viaf/39410771
"Dacre, Charlotte",1806,fic,45787,gutenberg,Zofloya,http://viaf.org/viaf/23386022
"Edgeworth, Maria",1806,fic,35638,gutenberg,Leonora (Volume 1/2),http://viaf.org/viaf/71477273
"Morgan, Lady (Sydney)",1807,fic,54683,gutenberg,Wild Irish girl,http://viaf.org/viaf/107533016
"More, Hannah",1809,fic,31879,gutenberg,Coelebs in search of a wife,http://viaf.org/viaf/51802053
"Austen, Jane",1810,fic,946,gutenberg,Lady Susan,http://viaf.org/viaf/102333412
"Porter, Jane",1810,fic,6086,gutenberg,Scottish chiefs,http://viaf.org/viaf/84690525
"Brunton, Mary",1811,fic,41196,gutenberg,Self-control,http://viaf.org/viaf/34532515
"Austen, Jane",1811,fic,161,gutenberg,Sense and sensibility,http://viaf.org/viaf/102333412
"Edgeworth, Maria",1812,fic,1473,gutenberg,The absentee,http://viaf.org/viaf/71477273
"Austen, Jane",1813,fic,1342,gutenberg,Pride and prejudice,http://viaf.org/viaf/102333412
"Barrett, Eaton Stannard",1814,fic,43065,gutenberg,The Heroine,http://viaf.org/viaf/13033207
"Scott, Walter, Sir",1814,fic,45697,gutenberg,Waverley,http://viaf.org/viaf/95207079
"Austen, Jane",1814,fic,141,gutenberg,Mansfield Park,http://viaf.org/viaf/102333412
"Scott, Walter, Sir",1815,fic,2590,gutenberg,Guy Mannering,http://viaf.org/viaf/95207079
"Scott, Walter, Sir",1816,fic,1460,gutenberg,Black dwarf,http://viaf.org/viaf/95207079
"Austen, Jane",1816,fic,158,gutenberg,Emma,http://viaf.org/viaf/102333412
"Scott, Walter, Sir",1816,fic,7005,gutenberg,Antiquary,http://viaf.org/viaf/95207079
"Scott, Walter, Sir",1816,fic,6941,gutenberg,Old mortality,http://viaf.org/viaf/95207079
"Beckford, William",1816,fic,42401,gutenberg,"Vathek, an Arabian tale",http://viaf.org/viaf/4926466
"Scott, Walter, Sir",1817,fic,16828,gutenberg,Rob Roy,http://viaf.org/viaf/95207079
"Austen, Jane",1818,fic,121,gutenberg,Northanger Abbey,http://viaf.org/viaf/102333412
"Ferrier, Susan",1818,fic,12669,gutenberg,Marriage,http://viaf.org/viaf/64052998
"Scott, Walter, Sir",1818,fic,6942,gutenberg,Heart of Mid-Lothian,http://viaf.org/viaf/95207079
"Peacock, Thomas Love",1818,fic,9909,gutenberg,Nightmare Abbey,http://viaf.org/viaf/17239611
"Shelley, Mary Wollstonecraft",1818,fic,6542,gutenberg,Frankenstein,http://viaf.org/viaf/6293
"Austen, Jane",1818,fic,105,gutenberg,Persuasion,http://viaf.org/viaf/102333412
"Scott, Walter, Sir",1819,fic,1461,gutenberg,A legend of Montrose,http://viaf.org/viaf/95207079
"Scott, Walter, Sir",1819,fic,26564,gutenberg,Ivanhoe,http://viaf.org/viaf/95207079
"Scott, Walter, Sir",1819,fic,471,gutenberg,Bride of Lammermoor,http://viaf.org/viaf/95207079
"Polidori, John William",1819,fic,6087,gutenberg,The vampyre : a tale,http://viaf.org/viaf/32079702
"Maturin, Charles Robert",1820,fic,53685;53686;53687;53688,gutenberg,Melmoth the wanderer,http://viaf.org/viaf/100248595
"Scott, Walter, Sir",1820,fic,6407,gutenberg,The Abbot (Vol. 2/3),http://viaf.org/viaf/95207079
"Galt, John",1821,fic,1310,gutenberg,Annals of the parish,http://viaf.org/viaf/61562976
"Scott, Walter, Sir",1821,fic,1606,gutenberg,Kenilworth,http://viaf.org/viaf/95207079
"Galt, John",1821,fic,1384,gutenberg,The Ayrshire legatees,http://viaf.org/viaf/61562976
"Badcock, John",1821,fic,20484,gutenberg,"Real Life In London, Volumes I. and II. Or, The Rambles And Adventures Of Bob Tallyho, Esq., And His Cousin, The Hon. Tom Dashall, Through The Metropolis; Exhibiting A Living Picture Of Fashionable Characters, Manners, And Amusements In High And Low Life (1821)",http://viaf.org/viaf/37970367
"Galt, John",1822,fic,1296,gutenberg,The provost,http://viaf.org/viaf/61562976
"Irving, Washington",1822,fic,13515,gutenberg,"Bracebridge Hall, or, The humorists : a medley (Vol. 2/2)",http://viaf.org/viaf/295999941
"Galt, John",1823,fic,14681,gutenberg,The spaewife; a tale of the Scottish chronicles (Vol. 2/3),http://viaf.org/viaf/61562976
"Scott, Walter, Sir",1823,fic,7853,gutenberg,Quentin Durward,http://viaf.org/viaf/95207079
"Galt, John",1823,fic,44573,gutenberg,The entail,http://viaf.org/viaf/61562976
"Scott, Walter, Sir",1824,fic,20749,gutenberg,St. Ronan's well,http://viaf.org/viaf/95207079
"Scott, Walter, Sir",1824,fic,2516,gutenberg,Redgauntlet,http://viaf.org/viaf/95207079
"Edgeworth, Maria",1825,fic,9455,gutenberg,Harry and Lucy concluded : being the last part of early lessons (Vol. 1/4),http://viaf.org/viaf/71477273
"Disraeli, Benjamin",1826,fic,9840,gutenberg,Vivian Grey,http://viaf.org/viaf/49233448
"Shelley, Mary Wollstonecraft",1826,fic,18247,gutenberg,Last Man,http://viaf.org/viaf/6293
"Scott, Walter, Sir",1826,fic,9785,gutenberg,"Woodstock : or, The cavalier; A tale of the year sixteen hundred and fifty-one (Vol. 1/3)",http://viaf.org/viaf/95207079
"Scott, Walter, Sir",1828,fic,1828,gutenberg,Chronicles of the Canongate. Second series (Vol. 1/3),http://viaf.org/viaf/95207079
"Lytton, Edward Bulwer Lytton",1828,fic,7623,gutenberg,Pelham,http://viaf.org/viaf/99871326
"Scott, Walter, Sir",1828,fic,1828,gutenberg,Chronicles of the Canongate. Second series (Vol. 3/3),http://viaf.org/viaf/95207079
"Peacock, Thomas Love",1831,fic,2075,gutenberg,Crotchet Castle,http://viaf.org/viaf/17239611
"Godwin, William",1831,fic,53707,gutenberg,St. Leon : a tale of the sixteenth century,http://viaf.org/viaf/68929729
"Shelley, Mary Wollstonecraft",1831,fic,6542,gutenberg,Frankenstein (revised),http://viaf.org/viaf/6293
"Cooper, James Fenimore",1831,fic,10363,gutenberg,The bravo : a tale (Vol. 1/2),http://viaf.org/viaf/27062769
"Lytton, Edward Bulwer Lytton",1832,fic,7614,gutenberg,Eugene Aram,http://viaf.org/viaf/99871326
"Lytton, Edward Bulwer Lytton, Baron",1834,fic,1565,gutenberg,The last days of Pompeii (Vol. 1/3),http://viaf.org/viaf/99871326
"Marryat, Frederick",1834,fic,21577,gutenberg,Peter Simple,http://viaf.org/viaf/39380934
"Lytton, Edward Bulwer Lytton, Baron",1834,fic,1565,gutenberg,The last days of Pompeii (Vol. 3/3),http://viaf.org/viaf/99871326
"Ainsworth, William Harrison",1834,fic,23564,gutenberg,Rookwood (Vol. 1/3),http://viaf.org/viaf/46894596
"Dickens, Charles",1837,fic,580,gutenberg,Pickwick Papers,http://viaf.org/viaf/88666393
"Trollope, Frances Milton",1837,fic,36686,gutenberg,Vicar of Wrexhill,http://viaf.org/viaf/34551336
"Dickens, Charles",1838,fic,730,gutenberg,Oliver Twist,http://viaf.org/viaf/88666393
"Taylor, Meadows",1839,fic,44881,gutenberg,Confessions of a thug,http://viaf.org/viaf/27100030
"Dickens, Charles",1839,fic,967,gutenberg,Nicholas Nickleby,http://viaf.org/viaf/88666393
"Thackeray, William Makepeace",1839,fic,1969,gutenberg,Catherine,http://viaf.org/viaf/95208604
"Ainsworth, William Harrison",1839,fic,16215,gutenberg,Jack Sheppard,http://viaf.org/viaf/46894596
"Dickens, Charles",1840,fic,9732,gutenberg,Barnaby Rudge,http://viaf.org/viaf/88666393
"Ainsworth, William Harrison",1840,fic,49850,gutenberg,"The Tower of London, a historical romance",http://viaf.org/viaf/46894596
"Marryat, Frederick",1840,fic,21575,gutenberg,Poor Jack,http://viaf.org/viaf/39380934
"Dickens, Charles",1840,fic,700,gutenberg,The old curiosity shop,http://viaf.org/viaf/88666393
"Lever, Charles James",1841,fic,8577,gutenberg,"Charles O'Malley, the Irish dragoon (Vol. 2/2)",http://viaf.org/viaf/32083550
"Dickens, Charles",1843,fic,19337,gutenberg,A Christmas carol,http://viaf.org/viaf/88666393
"Disraeli, Benjamin",1844,fic,7412,gutenberg,Coningsby,http://viaf.org/viaf/49233448
"Lever, Charles",1844,fic,31901,gutenberg,Tom Burke Of ours,http://viaf.org/viaf/32083550
"Dickens, Charles",1844,fic,968,gutenberg,Martin Chuzzlewit,http://viaf.org/viaf/88666393
"Lever, Charles James",1845,fic,32083,gutenberg,St. Patrick's Eve,http://viaf.org/viaf/32083550
"Disraeli, Benjamin",1845,fic,3760,gutenberg,Sybil,http://viaf.org/viaf/49233448
"Melville, Herman",1846,fic,1900,gutenberg,Typee : a peep at Polynesian life. During a four months' residence in a valley of the Marquesas,http://viaf.org/viaf/27068555
"Melville, Herman",1847,fic,4045,gutenberg,Omoo: a narrative of adventures in the South Seas,http://viaf.org/viaf/27068555
"Dickens, Charles",1848,fic,821,gutenberg,Dombey and Son,http://viaf.org/viaf/88666393
"Newman, John Henry",1848,fic,24574,gutenberg,Loss and gain,http://viaf.org/viaf/17227308
"Thackeray, William Makepeace",1848,fic,599,gutenberg,Vanity Fair,http://viaf.org/viaf/95208604
"Gaskell, Elizabeth Cleghorn",1849,fic,2153,gutenberg,Mary Barton,http://viaf.org/viaf/39377536
"Thackeray, William Makepeace",1849,fic,7265,gutenberg,"The history of Pendennis. His fortunes and misfortunes, his friends and his greatest enemy (Vol. 1/2)",http://viaf.org/viaf/95208604
"Thackeray, William Makepeace",1849,fic,7265,gutenberg,Pendennis,http://viaf.org/viaf/95208604
"Kingsley, Charles",1850,fic,8374,gutenberg,Alton Locke,http://viaf.org/viaf/27081838
"Thackeray, William Makepeace",1850,fic,2675_excerpt,gutenberg,Rebecca and Rowena,http://viaf.org/viaf/95208604
"Lever, Charles James",1850,fic,33468;33469,gutenberg,Roland Cashel,http://viaf.org/viaf/32083550
"Dickens, Charles",1850,fic,766,gutenberg,David Copperfield,http://viaf.org/viaf/88666393
"Borrow, George Henry",1851,fic,20198,gutenberg,Lavengro,http://viaf.org/viaf/49240695
"Thackeray, William Makepeace",1852,fic,2511,gutenberg,Henry Esmond,http://viaf.org/viaf/95208604
"Eastman, Mary Henderson",1852,fic,16741,gutenberg,"Aunt Phillis's Cabin: Or, Southern Life As It Is",http://viaf.org/viaf/316763066
"Stowe, Harriet Beecher",1852,fic,203,gutenberg,"Uncle Tom's cabin or, Life among the lowly (Vol. 1/2)",http://viaf.org/viaf/32003151
"Yonge, Charlotte Mary",1853,fic,2505,gutenberg,Heir of Redclyffe,http://viaf.org/viaf/71399881
"Bronte, Charlotte",1853,fic,9182,gutenberg,Villette,http://viaf.org/viaf/71388025
"Dickens, Charles",1853,fic,1023,gutenberg,Bleak House,http://viaf.org/viaf/88666393
"Gaskell, Elizabeth Cleghorn",1853,fic,4275,gutenberg,Ruth,http://viaf.org/viaf/39377536
"Thackeray, William Makepeace",1854,fic,7467,gutenberg,Newcomes,http://viaf.org/viaf/95208604
"Dickens, Charles",1854,fic,786,gutenberg,Hard times,http://viaf.org/viaf/88666393
"Trollope, Anthony",1855,fic,619,gutenberg,Warden,http://viaf.org/viaf/61683295
"Gaskell, Elizabeth Cleghorn",1855,fic,4276,gutenberg,North and south,http://viaf.org/viaf/39377536
"Thackeray, William Makepeace",1856,fic,4558,gutenberg,Barry Lyndon,http://viaf.org/viaf/95208604
"Yonge, Charlotte Mary",1856,fic,3610,gutenberg,Daisy chain,http://viaf.org/viaf/71399881
"Trollope, Anthony",1857,fic,3409,gutenberg,Barchester Towers,http://viaf.org/viaf/61683295
"Hughes, Thomas",1857,fic,1480,gutenberg,Tom Brown's school days,http://viaf.org/viaf/41888346
"Bronte, Charlotte",1857,fic,1028,gutenberg,The professor,http://viaf.org/viaf/71388025
"Dickens, Charles",1857,fic,963,gutenberg,Little Dorrit,http://viaf.org/viaf/88666393
"Farrar, Frederic William",1858,fic,23126,gutenberg,"Eric, or Little by Little",http://viaf.org/viaf/72172918
"Trollope, Anthony",1858,fic,7481,gutenberg,Three clerks,http://viaf.org/viaf/61683295
"Trollope, Anthony",1858,fic,3166,gutenberg,Doctor Thorne,http://viaf.org/viaf/61683295
"Ballantyne, R. M.",1858,fic,646,gutenberg,The Coral Island,http://viaf.org/viaf/64050447
"Eliot, George",1858,fic,17780,gutenberg,Scenes of clerical life,http://viaf.org/viaf/89000553
"Thackeray, William Makepeace",1858,fic,8123,gutenberg,The Virginians,http://viaf.org/viaf/95208604
"Dickens, Charles",1859,fic,98,gutenberg,A tale of two cities,http://viaf.org/viaf/88666393
"Meredith, George",1859,fic,4412,gutenberg,Ordeal of Richard Feverel,http://viaf.org/viaf/14773801
"Eliot, George",1859,fic,507,gutenberg,Adam Bede,http://viaf.org/viaf/89000553
"Collins, Wilkie",1860,fic,2002,gutenberg,The woman in white,http://viaf.org/viaf/95173526
"Eliot, George",1860,fic,6688,gutenberg,The mill on the floss,http://viaf.org/viaf/89000553
"Trollope, Anthony",1861,fic,2860,gutenberg,Framley Parsonage,http://viaf.org/viaf/61683295
"Meredith, George",1861,fic,4434,gutenberg,Evan Harrington,http://viaf.org/viaf/14773801
"Eliot, George",1861,fic,550,gutenberg,Silas Marner,http://viaf.org/viaf/89000553
"Reade, Charles",1861,fic,1366,gutenberg,Cloister and hearth,http://viaf.org/viaf/44314913
"Dickens, Charles",1861,fic,1400,gutenberg,Great expectations,http://viaf.org/viaf/88666393
"Wood, Henry, Mrs.",1861,fic,3322,gutenberg,East Lynne,http://viaf.org/viaf/14898332
"Braddon, M. E.",1862,fic,8954,gutenberg,Lady Audley's secret,http://viaf.org/viaf/66826682
"Collins, Wilkie",1862,fic,1438,gutenberg,No name,http://viaf.org/viaf/95173526
"Kingsley, Charles",1863,fic,1018,gutenberg,Water-babies,http://viaf.org/viaf/27081838
"Gaskell, Elizabeth Cleghorn",1863,fic,4537,gutenberg,Sylvia's lovers,http://viaf.org/viaf/39377536
"Reade, Charles",1863,fic,3067,gutenberg,Hard cash,http://viaf.org/viaf/44314913
"Eliot, George",1863,fic,24020,gutenberg,Romola,http://viaf.org/viaf/89000553
"Oliphant, Mrs. (Margaret)",1863,fic,42013;42044,gutenberg,Salem Chapel,http://viaf.org/viaf/49256072
"Le Fanu, Joseph Sheridan",1864,fic,14851,gutenberg,Uncle Silas,http://viaf.org/viaf/9849196
"Trollope, Anthony",1864,fic,19500,gutenberg,Can you forgive her?,http://viaf.org/viaf/61683295
"Charles, Elizabeth Rundle",1864,fic,36433,gutenberg,Chronicles of the Schonberg-Cotta family,http://viaf.org/viaf/95236972
"Trollope, Anthony",1864,fic,4599,gutenberg,Small house at Allington,http://viaf.org/viaf/61683295
"Dickens, Charles",1865,fic,883,gutenberg,Our mutual friend,http://viaf.org/viaf/88666393
"Lever, Charles James",1865,fic,35717,gutenberg,Luttrell Of Arran,http://viaf.org/viaf/32083550
"Carroll, Lewis",1866,fic,11,gutenberg,Alice's adventures in Wonderland,http://viaf.org/viaf/66462036
"Eliot, George",1866,fic,40882,gutenberg,Felix Holt,http://viaf.org/viaf/89000553
"Collins, Wilkie",1866,fic,1895,gutenberg,Armadale,http://viaf.org/viaf/95173526
"Kingsley, Charles",1866,fic,7815,gutenberg,Hereward the wake,http://viaf.org/viaf/27081838
"Gaskell, Elizabeth Cleghorn",1866,fic,4274,gutenberg,Wives and daughters,http://viaf.org/viaf/39377536
"Trollope, Anthony",1867,fic,3045,gutenberg,Last chronicle of Barset,http://viaf.org/viaf/61683295
Ouida,1867,fic,3465,gutenberg,Under two flags,http://viaf.org/viaf/34490941
"Collins, Wilkie",1868,fic,155,gutenberg,The moonstone,http://viaf.org/viaf/95173526
"Blackmore, R. D.",1869,fic,17460,gutenberg,Lorna Doone,http://viaf.org/viaf/59105182
"Burton, Richard Francis, Sir",1870,fic,48511,gutenberg,"Vikram and the vampire; or, Tales of Hindu devilry",http://viaf.org/viaf/29832058
"Alcott, Louisa May",1870,fic,2787,gutenberg,An old-fashioned girl,http://viaf.org/viaf/29528997
"Dickens, Charles",1870,fic,564,gutenberg,The mystery of Edwin Drood,http://viaf.org/viaf/88666393
"Disraeli, Benjamin",1870,fic,7835,gutenberg,Lothair,http://viaf.org/viaf/49233448
"Collins, Wilkie",1870,fic,1586,gutenberg,Man and wife,http://viaf.org/viaf/95173526
"MacDonald, George",1871,fic,225,gutenberg,At the back of the north wind,http://viaf.org/viaf/64008667
"Lytton, Edward Bulwer Lytton",1871,fic,1951,gutenberg,Coming race,http://viaf.org/viaf/99871326
"Hardy, Thomas",1872,fic,9437,gutenberg,Under the greenwood tree,http://viaf.org/viaf/54148778
"MacDonald, George",1872,fic,708,gutenberg,Princess and  goblin,http://viaf.org/viaf/64008667
"Carroll, Lewis",1872,fic,12,gutenberg,Through the looking-glass,http://viaf.org/viaf/66462036
"Butler, Samuel",1872,fic,1906,gutenberg,Erewhon,http://viaf.org/viaf/49578292
"Trollope, Anthony",1873,fic,7381,gutenberg,The Eustace diamonds,http://viaf.org/viaf/61683295
"Hardy, Thomas",1873,fic,224,gutenberg,A pair of blue eyes,http://viaf.org/viaf/54148778
"Eliot, George",1874,fic,145,gutenberg,Middlemarch,http://viaf.org/viaf/89000553
"Hardy, Thomas",1874,fic,27,gutenberg,Far from the madding crowd,http://viaf.org/viaf/54148778
"Trollope, Anthony",1874,fic,18640,gutenberg,Phineas Redux,http://viaf.org/viaf/61683295
"Trollope, Anthony",1875,fic,5231,gutenberg,The way we live now,http://viaf.org/viaf/61683295
"Eliot, George",1876,fic,7469,gutenberg,Daniel Deronda,http://viaf.org/viaf/89000553
"Trollope, Anthony",1876,fic,2158,gutenberg,Prime Minister,http://viaf.org/viaf/61683295
"Meredith, George",1876,fic,4460,gutenberg,Beauchamp's career,http://viaf.org/viaf/14773801
"Sewell, Anna",1877,fic,271,gutenberg,Black beauty,http://viaf.org/viaf/5052475
"Russell, William Clark",1878,fic,44497; 44498; 44499,gutenberg,The wreck of the Grosvenor,http://viaf.org/viaf/33053756
"Hardy, Thomas",1878,fic,122,gutenberg,Return of native,http://viaf.org/viaf/54148778
"Meredith, George",1879,fic,1684,gutenberg,Egoist,http://viaf.org/viaf/14773801
"Eliot, George",1879,fic,10762,gutenberg,Impressions of Theophrastus Such,http://viaf.org/viaf/89000553
"Twain, Mark",1880,fic,119,gutenberg,A Tramp Abroad,http://viaf.org/viaf/50566653
"Disraeli, Benjamin, Earl of Beaconsfield",1880,fic,7926,gutenberg,Endymion (Vol. 1/3),http://viaf.org/viaf/49233448
"Trollope, Anthony",1880,fic,3622,gutenberg,Duke's children,http://viaf.org/viaf/61683295
"Hardy, Thomas",1880,fic,2864,gutenberg,Trumpet-major,http://viaf.org/viaf/54148778
"White, William Hale",1881,fic,3269,gutenberg,Autobiography of Mark Rutherford,http://viaf.org/viaf/79398669
"Jefferies, Richard",1882,fic,35930,gutenberg,Bevis,http://viaf.org/viaf/59140022
"Schreiner, Olive",1883,fic,1441,gutenberg,Story of an African farm,http://viaf.org/viaf/29554433
"Stevenson, Robert Louis",1883,fic,120,gutenberg,Treasure Island,http://viaf.org/viaf/95207986
"Ewing, Juliana Horatia Gatty",1884,fic,20351,gutenberg,Jackanapes,http://viaf.org/viaf/13120498
"Jewett, Sarah Orne",1884,fic,15294,gutenberg,A country doctor,http://viaf.org/viaf/44336104
"Howells, William Dean",1884,fic,154,gutenberg,The rise of Silas Lapham,http://viaf.org/viaf/95191935
"Murfree, Mary Noailles",1885,fic,35619,gutenberg,The prophet of the Great Smoky Mountains,http://viaf.org/viaf/16014354
"Meredith, George",1885,fic,4470,gutenberg,Diana of the crossways,http://viaf.org/viaf/14773801
"Pater, Walter",1885,fic,4057; 4058,gutenberg,"Marius, the Epicurean : his sensations and ideas (Vol. 1/2)",http://viaf.org/viaf/19689601
"Haggard, H. Rider",1885,fic,2166,gutenberg,King Solomon's mines,http://viaf.org/viaf/9841446
"Burnett, Frances Hodgson",1886,fic,479,gutenberg,Little Lord Fauntleroy,http://viaf.org/viaf/27061925
"Stevenson, Robert Louis",1886,fic,26247,gutenberg,Strange case of Dr Jekyll and Mr Hyde,http://viaf.org/viaf/95207986
"Stevenson, Robert Louis",1886,fic,421,gutenberg,Kidnapped,http://viaf.org/viaf/95207986
"James, Henry",1886,fic,19717;19718,gutenberg,The Bostonians,http://viaf.org/viaf/36920030
"Crawford, Francis Marion",1886,fic,13597,gutenberg,A tale of a lonely parish,http://viaf.org/viaf/4958780
"Hardy, Thomas",1886,fic,143,gutenberg,Mayor of Casterbridge,http://viaf.org/viaf/54148778
"Haggard, H. Rider",1887,fic,3155,gutenberg,She,http://viaf.org/viaf/9841446
"Pater, Walter",1887,fic,4038,gutenberg,Imaginary portraits,http://viaf.org/viaf/19689601
"Hardy, Thomas",1887,fic,482,gutenberg,Woodlanders,http://viaf.org/viaf/54148778
"Ward, Humphry, Mrs.",1888,fic,8737,gutenberg,Robert Elsmere,http://viaf.org/viaf/27084321
"Stevenson, Robert Louis",1889,fic,864,gutenberg,Master of Ballantrae,http://viaf.org/viaf/95207986
"Gissing, George",1889,fic,4301,gutenberg,Nether world,http://viaf.org/viaf/59083174
"Doyle, Arthur Conan",1890,fic,2097,gutenberg,The sign of four,http://viaf.org/viaf/65283845
"Meredith, George",1891,fic,4476,gutenberg,One of our conquerors,http://viaf.org/viaf/14773801
"Gissing, George",1891,fic,1709,gutenberg,New Grub Street,http://viaf.org/viaf/59083174
"Morris, William",1891,fic,3261,gutenberg,News from nowhere,http://viaf.org/viaf/22146194
"Wilde, Oscar",1891,fic,174,gutenberg,Picture of Dorian Gray,http://viaf.org/viaf/34464414
"Kipling, Rudyard",1891,fic,5777,gutenberg,Life's handicap; being stories of mine own people,http://viaf.org/viaf/7524679
"Hardy, Thomas",1891,fic,110,gutenberg,Tess of the D'Urbervilles,http://viaf.org/viaf/54148778
"Grossmith, George",1892,fic,1026,gutenberg,Diary of a nobody,http://viaf.org/viaf/64144601
"Baring-Gould, Sabine",1892,fic,40631,gutenberg,In the roar of the sea,http://viaf.org/viaf/66640079
"Ward, Humphry, Mrs.",1892,fic,8076,gutenberg,The history of David Grieve (Vol. 1/3),http://viaf.org/viaf/27084321
"Doyle, Arthur Conan, Sir",1892,fic,1661,gutenberg,The adventures of Sherlock Holmes,http://viaf.org/viaf/65283845
"Wallace, Lew",1893,fic,6848;6849,gutenberg,"The prince of India, or, Why Constantinople fell (Vol. 1/2)",http://viaf.org/viaf/97214081
"Stevenson, Robert Louis",1893,fic,329,gutenberg,Island nights' entertainments,http://viaf.org/viaf/95207986
"Gissing, George",1893,fic,4313,gutenberg,Odd women,http://viaf.org/viaf/59083174
"Henty, George Alfred",1894,fic,53717,gutenberg,Through the Sikh war; a tale of the conquest of the Punjaub,http://viaf.org/viaf/69058592
"Du Maurier, George",1894,fic,39858,gutenberg,Trilby (Vol. 1/3),http://viaf.org/viaf/10144
"Moore, George",1894,fic,8157,gutenberg,Esther Waters,http://viaf.org/viaf/88634979
"Wells, H. G.",1895,fic,35,gutenberg,Time machine,http://viaf.org/viaf/97006424
"Ward, Humphry, Mrs.",1895,fic,12181,gutenberg,Story of Bessie Costrell,http://viaf.org/viaf/27084321
"Allen, Grant",1895,fic,4396,gutenberg,The woman who did,http://viaf.org/viaf/48393117
"Stevenson, Robert Louis",1896,fic,380,gutenberg,Weir of Hermiston,http://viaf.org/viaf/95207986
"Hardy, Thomas",1896,fic,153,gutenberg,Jude the obscure,http://viaf.org/viaf/54148778
"Hardy, Thomas",1897,fic,9438,gutenberg,Well-beloved,http://viaf.org/viaf/54148778
"Gissing, George",1897,fic,4299,gutenberg,Whirlpool,http://viaf.org/viaf/59083174
"Stoker, Bram",1897,fic,345,gutenberg,Dracula,http://viaf.org/viaf/17229847
"Zangwill, Israel",1898,fic,29875,gutenberg,Dreamers of the Ghetto,http://viaf.org/viaf/56617927
"Churchill, Winston",1899,fic,5373,gutenberg,Richard Carvel,http://viaf.org/viaf/94507588
"Brown, George Douglas",1901,fic,25876,gutenberg,The house with the green shutters,http://viaf.org/viaf/7534248
"Butler, Samuel",1903,fic,2084,gutenberg,The way of all flesh,http://viaf.org/viaf/49578292
"Wister, Owen",1902,fic,1298,gutenberg,The Virginian,http://viaf.org/viaf/100961029
"James, Henry",1888,fic,211,gutenberg,The Aspern papers,http://viaf.org/viaf/36920030
"Wister, Owen",1902,fic,1298,gutenberg,The Virginian,http://viaf.org/viaf/100961029
"Abbott, Eleanor Hallowell",1914,fic,22982,gutenberg,Little Eve Edgarton,
"Abbott, Eleanor Hallowell",1910,fic,18665,gutenberg,Molly Make-Believe,
"Abbott, Eleanor Hallowell",1920,fic,22947,gutenberg,"Peace On Earth, Good-Will To Dogs",
"Abbott, Eleanor Hallowell",1921,fic,43025,gutenberg,Rainy Week,
"Abbott, Eleanor Hallowell",1915,fic,22946,gutenberg,The Indiscreet Letter,
"Abbott, Eleanor Hallowell",1913,fic,14506,gutenberg,The White Linen Nurse,
"Abbott, Jane",1920,fic,32053,gutenberg,Happy House,
"Abbott, Jane",1920,fic,29865,gutenberg,Highacres,
"Abbott, Jane",1918,fic,6860,gutenberg,Keineth,
"Abbott, Jane",1922,fic,19057,gutenberg,Red-Robin,
"Abernathy, Robert",1954,fic,31762,gutenberg,The Record of Currupira,
"Abernathy, Robert",1953,fic,35879,gutenberg,The Rotifers,
"Abernathy, Robert",1955,fic,32068,gutenberg,World of the Drone,
"Adams, Samuel Hopkins",1911,fic,6864,gutenberg,Average Jones,
"Adams, Samuel Hopkins",1915,fic,22196,gutenberg,Little Miss Grouch: A Narrative Based on the Log of Alexander Forsyth Smith's Maiden Transatlantic Voyage,
"Adams, Samuel Hopkins",1917,fic,44328,gutenberg,Our Square and the People in It,
"Adams, Samuel Hopkins",1921,fic,15431,gutenberg,Success: A Novel,
"Adams, Samuel Hopkins",1914,fic,16447,gutenberg,The Clarion,
"Adams, Samuel Hopkins",1912,fic,36335,gutenberg,The Secret of Lonesome Cove,
"Anderson, Sherwood",1917,fic,7045,gutenberg,Marching Men,
"Anderson, Sherwood",1920,fic,7414,gutenberg,Poor White: A Novel,
"Anderson, Sherwood",1921,fic,7048,gutenberg,"Triumph of the Egg, and Other Stories",
"Anderson, Sherwood",1916,fic,7443,gutenberg,Windy McPherson's Son,
"Anderson, Sherwood",1919,fic,416,gutenberg,"Winesburg, Ohio: A Group of Tales of Ohio Small Town Life",
"Austin, Mary Hunter",1912,fic,38592,gutenberg,A Woman of Genius,
"Austin, Mary Hunter",1904,fic,35502,gutenberg,The Basket Woman: A Book of Indian Tales for Children,
"Austin, Mary Hunter",1913,fic,20359,gutenberg,The Lovely Lady,
"Austin, Mary Hunter",1918,fic,9913,gutenberg,The Trail Book,
"Ayres, Ruby M. (Ruby Mildred)",1920,fic,42085,gutenberg,A Bachelor Husband,
"Ayres, Ruby M. (Ruby Mildred)",1920,fic,30817,gutenberg,The Beggar Man,
"Ayres, Ruby M. (Ruby Mildred)",1919,fic,30286,gutenberg,The Phantom Lover,
"Ayres, Ruby M. (Ruby Mildred)",1918,fic,17446,gutenberg,The Second Honeymoon,
"Bacon, Josephine Daskam",1908,fic,42692,gutenberg,An Idyll of All Fools' Day,
"Bacon, Josephine Daskam",1909,fic,22310,gutenberg,In the Border Country,
"Bacon, Josephine Daskam",1924,fic,26277,gutenberg,Margarita's Soul: The Romantic Recollections of a Man of Fifty,
"Baird, Jean K. (Jean Katherine)",1907,fic,26258,gutenberg,Elizabeth Hobart at Exeter Hall,
"Baird, Jean K. (Jean Katherine)",1910,fic,26973,gutenberg,Hester's Counterpart: A Story of Boarding School Life,
"Baird, Jean K. (Jean Katherine)",1920,fic,35822,gutenberg,That Little Girl of Miss Eliza's: A Story for Young People,
"Bassett, Sara Ware",1924,fic,23560,gutenberg,Carl and the Cotton Gin,
"Bassett, Sara Ware",1921,fic,18902,gutenberg,Flood Tide,
"Bassett, Sara Ware",1907,fic,23973,gutenberg,Mrs. Christy's Bridge Party,
"Bassett, Sara Ware",1933,fic,43773,gutenberg,Shifting Sands,
"Bassett, Sara Ware",1922,fic,23292,gutenberg,Ted and the Telephone,
"Bassett, Sara Ware",1920,fic,27471,gutenberg,The Wall Between,
"Bassett, Sara Ware",1923,fic,23728,gutenberg,Walter and the Wireless,
"Beach, Rex",1922,fic,6425,gutenberg,Flowing Gold,
"Beach, Rex",1910,fic,6488,gutenberg,Going Some,
"Beach, Rex",1915,fic,5099,gutenberg,Heart of the Sunset,
"Beach, Rex",1916,fic,5086,gutenberg,Rainbow's End,
"Beach, Rex",1914,fic,5143,gutenberg,The Auction Block,
"Beach, Rex",1908,fic,4082,gutenberg,The Barrier,
"Beach, Rex",1913,fic,5233,gutenberg,The Iron Trail,
"Beach, Rex",1911,fic,5405,gutenberg,The Ne'er-Do-Well,
"Beach, Rex",1912,fic,6379,gutenberg,The Net,
"Beach, Rex",1909,fic,6017,gutenberg,The Silver Horde,
"Beach, Rex",1906,fic,5076,gutenberg,The Spoilers,
"Beach, Rex",1918,fic,5062,gutenberg,The Winds of Chance,
"Bell, Lilian",1904,fic,18895,gutenberg,At Home with the Jardines,
"Bell, Lilian",1906,fic,40850,gutenberg,Carolina Lee,
"Bell, Lilian",1893,fic,22047,gutenberg,The Love Affairs of an Old Maid,
"Cabell, James Branch",1909,fic,22463,gutenberg,Chivalry,
"Cabell, James Branch",1913,fic,9663,gutenberg,Domnei: A Comedy of Woman-Worship,
"Cabell, James Branch",1921,fic,11639,gutenberg,Figures of Earth: A Comedy of Appearances,
"Cabell, James Branch",1919,fic,8771,gutenberg,Jurgen: A Comedy of Justice,
"Cabell, James Branch",1916,fic,288,gutenberg,The Certain Hour (Dizain des Po?tes),
"Cabell, James Branch",1909,fic,9608,gutenberg,The Cords of Vanity: A Comedy of Shirking,
"Cabell, James Branch",1904,fic,10882,gutenberg,The Eagle's Shadow,
"Cabell, James Branch",1905,fic,9488,gutenberg,The Line of Love; Dizain des Mariages,
"Cabell, James Branch",1915,fic,10041,gutenberg,The Rivet in Grandfather's Neck: A Comedy of Limitations,
"Cobb, Irvin S. (Irvin Shrewsbury)",1912,fic,44223,gutenberg,Back Home: Being the Narrative of Judge Priest and His People,
"Cobb, Irvin S. (Irvin Shrewsbury)",1920,fic,22530,gutenberg,From Place to Place,
"Cobb, Irvin S. (Irvin Shrewsbury)",1922,fic,36365,gutenberg,"J. Poindexter, Colored",
"Cobb, Irvin S. (Irvin Shrewsbury)",1927,fic,45320,gutenberg,Ladies and Gentlemen,
"Cobb, Irvin S. (Irvin Shrewsbury)",1915,fic,41297,gutenberg,Local Color,
"Crane, Stephen",1893,fic,447,gutenberg,Maggie: A Girl of the Streets,
"Crane, Stephen",1903,fic,29573,gutenberg,The O'Ruddy: A Romance,
"Crane, Stephen",1895,fic,73,gutenberg,The Red Badge of Courage: An Episode of the American Civil War,
"Ferber, Edna",1912,fic,352,gutenberg,Buttered Side Down: Stories,
"Ferber, Edna",1918,fic,11395,gutenberg,Cheerful?By Request,
"Ferber, Edna",1911,fic,1602,gutenberg,Dawn O'Hara: The Girl Who Laughed,
"Ferber, Edna",1915,fic,453,gutenberg,Emma McChesney and Co.,
"Ferber, Edna",1917,fic,350,gutenberg,Fanny Herself,
"Ferber, Edna",1922,fic,20419,gutenberg,Gigolo,
"Ferber, Edna",1920,fic,14714,gutenberg,Half Portions,
"Fisher, Dorothy Canfield",1915,fic,13091,gutenberg,Hillsboro People,
"Fisher, Dorothy Canfield",1918,fic,35616,gutenberg,Home Fires in France,
"Fisher, Dorothy Canfield",1922,fic,37451,gutenberg,Rough-Hewn,
"Fisher, Dorothy Canfield",1915,fic,11221,gutenberg,The Bent Twig,
"Fisher, Dorothy Canfield",1921,fic,14957,gutenberg,The Brimming Cup,
"Fisher, Dorothy Canfield",1912,fic,23768,gutenberg,The Squirrel-Cage,
"Fisher, Dorothy Canfield",1916,fic,5347,gutenberg,Understood Betsy,
"Fitzgerald, F. Scott (Francis Scott)",1922,fic,9830,gutenberg,The Beautiful and Damned,
"Fitzgerald, F. Scott (Francis Scott)",1920,fic,805,gutenberg,This Side of Paradise,
"Ford, Ford Madox",1907,fic,26698,gutenberg,Privy Seal: His Last Venture,
"Ford, Ford Madox",1908,fic,27432,gutenberg,The Fifth Queen Crowned,
"Ford, Ford Madox",1906,fic,30188,gutenberg,The Fifth Queen: And How She Came to Court,
"Ford, Ford Madox",1915,fic,2775,gutenberg,The Good Soldier,
"Ford, Ford Madox",1901,fic,14888,gutenberg,The Inheritors,
"Ford, Ford Madox",1913,fic,42801,gutenberg,The Young Lovell: A Romance,
"Forster, E. M. (Edward Morgan)",1908,fic,2641,gutenberg,A Room with a View,
"Forster, E. M. (Edward Morgan)",1910,fic,2891,gutenberg,Howards End,
"Forster, E. M. (Edward Morgan)",1907,fic,2604,gutenberg,The Longest Journey,
"Forster, E. M. (Edward Morgan)",1905,fic,2948,gutenberg,Where Angels Fear to Tread,
"Gale, Zona",1908,fic,26644,gutenberg,Friendship Village,
"Gale, Zona",1920,fic,10429,gutenberg,Miss Lulu Bett,
"Glasgow, Ellen Anderson Gholson",1916,fic,14571,gutenberg,Life and Gabriella: The Story of a Woman's Courage,
"Glasgow, Ellen Anderson Gholson",1922,fic,15603,gutenberg,One Man in His Time,
"Glasgow, Ellen Anderson Gholson",1898,fic,34402,gutenberg,Phases of an Inferior Planet,
"Glasgow, Ellen Anderson Gholson",1908,fic,34419,gutenberg,The Ancient Law,
"Glasgow, Ellen Anderson Gholson",1904,fic,2384,gutenberg,The Deliverance: A Romance of the Virginia Tobacco Fields,
"Grey, Zane",1903,fic,1261,gutenberg,Betty Zane,
"Grey, Zane",1912,fic,1300,gutenberg,Riders of the Purple Sage,
"Grey, Zane",1910,fic,1262,gutenberg,The Heritage of the Desert: A Novel,
"Grey, Zane",1908,fic,9932,gutenberg,The Last Trail,
"Grey, Zane",1915,fic,5067,gutenberg,The Rainbow Trail,
"Hill, Grace Livingston",1916,fic,21219,gutenberg,A Voice in the Wilderness,
"Hill, Grace Livingston",1911,fic,47525,gutenberg,Aunt Crete's Emancipation,
"Hill, Grace Livingston",1920,fic,30006,gutenberg,Cloudy Jewel,
"Hill, Grace Livingston",1911,fic,37698,gutenberg,Dawn of the Morning,
"Hill, Grace Livingston",1920,fic,30759,gutenberg,Exit Betty,
"Hurst, Fannie",1918,fic,10025,gutenberg,Gaslight Sonatas,
"Hurst, Fannie",1919,fic,9864,gutenberg,Humoresque: A Laugh on Life with a Tear Behind It,
"Hurst, Fannie",1914,fic,33118,gutenberg,Just Around the Corner: Romance en casserole,
"Hurst, Fannie",1921,fic,9858,gutenberg,Star-Dust: A Story of an American Girl,
"Hurst, Fannie",1922,fic,12659,gutenberg,The Vertical City,
"Ingram, Eleanor M. (Eleanor Marie)",1912,fic,27337,gutenberg,From the Car Behind,
"Ingram, Eleanor M. (Eleanor Marie)",1910,fic,29166,gutenberg,The Flying Mercury,
"Ingram, Eleanor M. (Eleanor Marie)",1909,fic,35740,gutenberg,The Game and the Candle,
"Ingram, Eleanor M. (Eleanor Marie)",1921,fic,23738,gutenberg,The Thing from the Lake,
"Joyce, James",1916,fic,4217,gutenberg,A Portrait of the Artist as a Young Man,
"Joyce, James",1914,fic,2814,gutenberg,Dubliners,
"Joyce, James",1922,fic,4300,gutenberg,Ulysses,
"Lewis, Sinclair",1922,fic,1156,gutenberg,Babbitt,
"Lewis, Sinclair",1919,fic,26732,gutenberg,Free Air,
"Lewis, Sinclair",1920,fic,543,gutenberg,Main Street,
"Lewis, Sinclair",1914,fic,4961,gutenberg,Our Mr. Wrenn: The Romantic Adventures of a Gentle Man,
"Lewis, Sinclair",1917,fic,25430,gutenberg,The Innocents: A Story for Lovers,
"Lewis, Sinclair",1917,fic,25474,gutenberg,The Job: An American Novel,
"London, Jack",1903,fic,215,gutenberg,The Call of the Wild,
"London, Jack",1904,fic,1074,gutenberg,The Sea-Wolf,
"London, Jack",1906,fic,910,gutenberg,White Fang,
"Mansfield, Katherine",1911,fic,1472,gutenberg,In a German Pension,
"Norris, Frank",1900,fic,16096,gutenberg,A Man's Woman,
"Norris, Frank",1899,fic,165,gutenberg,McTeague: A Story of San Francisco,
"Norris, Frank",1898,fic,321,gutenberg,Moran of the Lady Letty,
"Norris, Frank",1901,fic,268,gutenberg,The Octopus : A Story of California,
"Norris, Frank",1903,fic,4382,gutenberg,The Pit: A Story of Chicago,
"Norris, Frank",1914,fic,14712,gutenberg,Vandover and the Brute,
"Porter, Eleanor H. (Eleanor Hodgman)",1919,fic,6991,gutenberg,Across the Years,
"Porter, Eleanor H. (Eleanor Hodgman)",1916,fic,440,gutenberg,Just David,
"Porter, Eleanor H. (Eleanor Hodgman)",1911,fic,3266,gutenberg,Miss Billy,
"Porter, Eleanor H. (Eleanor Hodgman)",1913,fic,1450,gutenberg,Pollyanna,
"Rinehart, Mary Roberts",1920,fic,1970,gutenberg,A Poor Wise Man,
"Rinehart, Mary Roberts",1921,fic,1960,gutenberg,Sight Unseen,
"Rinehart, Mary Roberts",1914,fic,2358,gutenberg,The After House,
"Rinehart, Mary Roberts",1918,fic,1590,gutenberg,The Amazing Interlude,
"Rinehart, Mary Roberts",1922,fic,1601,gutenberg,The Breaking Point,
"Rinehart, Mary Roberts",1909,fic,1869,gutenberg,The Man in Lower Ten,
"Rinehart, Mary Roberts",1912,fic,330,gutenberg,Where There's a Will,
"Tarkington, Booth",1921,fic,980,gutenberg,Alice Adams,
"Tarkington, Booth",1922,fic,18259,gutenberg,Gentle Julia,
"Tarkington, Booth",1914,fic,402,gutenberg,Penrod,
"Tarkington, Booth",1899,fic,9659,gutenberg,The Gentleman from Indiana,
"Tarkington, Booth",1918,fic,8867,gutenberg,The Magnificent Ambersons,
"Tarkington, Booth",1914,fic,1098,gutenberg,The Turmoil: A Novel,